[
  {
    "Constant": false,
    "Name": "WI_LIST",
    "TypeFullyQualifiedName": "System.Data.DataRow[], System.Data.Common, Version=8.0.0.0, Culture=neutral, PublicKeyToken=b03f5f7f11d50a3a",
    "UnresolvedTypeFullyQualifiedName": null,
    "Expression": null,
    "IsLiteral": false
  },
  {
    "Constant": false,
    "Name": "Config",
    "TypeFullyQualifiedName": "System.Collections.Generic.Dictionary`2[[System.String, System.Private.CoreLib, Version=8.0.0.0, Culture=neutral, PublicKeyToken=7cec85d7bea7798e],[System.Object, System.Private.CoreLib, Version=8.0.0.0, Culture=neutral, PublicKeyToken=7cec85d7bea7798e]], System.Private.CoreLib, Version=8.0.0.0, Culture=neutral, PublicKeyToken=7cec85d7bea7798e",
    "UnresolvedTypeFullyQualifiedName": null,
    "Expression": null,
    "IsLiteral": false
  },
  {
    "Constant": false,
    "Name": "Ruta_Carpeta",
    "TypeFullyQualifiedName": "System.String, System.Private.CoreLib, Version=8.0.0.0, Culture=neutral, PublicKeyToken=7cec85d7bea7798e",
    "UnresolvedTypeFullyQualifiedName": null,
    "Expression": null,
    "IsLiteral": false
  },
  {
    "Constant": false,
    "Name": "Contador",
    "TypeFullyQualifiedName": "System.Int32, System.Private.CoreLib, Version=8.0.0.0, Culture=neutral, PublicKeyToken=7cec85d7bea7798e",
    "UnresolvedTypeFullyQualifiedName": null,
    "Expression": "0",
    "IsLiteral": true
  }
]