﻿{
  "Version": "1.0",
  "Metadata": [
    {
      "ApplicationType": "WindowsApplication",
      "ExecutablePath": {
        "Value": "explorer.exe",
        "IsExpression": false
      },
      "Url": null,
      "Arguments": null,
      "Version": null
    },
    {
      "ApplicationType": "Chrome",
      "ExecutablePath": {
        "Value": "chrome.exe",
        "IsExpression": false
      },
      "Url": {
        "Value": "https://acme-test.uipath.com",
        "IsExpression": false
      },
      "Arguments": null,
      "Version": null
    }
  ]
}