{
  "$schema": "https://cloud.uipath.com/draft/2024-12/entry-point",
  "entryPoints": [
    {
      "filePath": "Main.xaml",
      "uniqueId": "5693d9e1-c120-4801-b20a-e39501936ae2",
      "type": "process",
      "input": {
        "type": "object",
        "properties": {
          "in_OrchestratorQueueName": {
            "type": "string"
          },
          "in_OrchestratorQueueFolder": {
            "type": "string"
          },
          "argument2": {
            "type": "string"
          },
          "argument1": {
            "type": "string"
          }
        },
        "required": []
      }
    }
  ]
}