{
  "DisplayName": "Main",
  "Tooltip": null,
  "HelpLink": null,
  "Color": null,
  "OriginalIconFileName": null,
  "Arguments": [
    {
      "Name": "in_OrchestratorQueueName",
      "DisplayName": "in_OrchestratorQueueName",
      "Category": null,
      "Tooltip": "Allows the Orchestrator queue name to be passed as an argument, instead of only being defined in the configuration file.",
      "Placeholder": null,
      "Widget": null,
      "IsRequired": false,
      "IsPrincipal": true,
      "ArgumentType": 0,
      "DataSourceItems": null
    },
    {
      "Name": "in_OrchestratorQueueFolder",
      "DisplayName": "in_OrchestratorQueueFolder",
      "Category": null,
      "Tooltip": "Allows the Orchestrator folder name where the queue is created to be passed as an argument, instead of only being defined in the configuration file.",
      "Placeholder": null,
      "Widget": null,
      "IsRequired": false,
      "IsPrincipal": true,
      "ArgumentType": 0,
      "DataSourceItems": null
    },
    {
      "Name": "argument2",
      "DisplayName": "argument2",
      "Category": null,
      "Tooltip": null,
      "Placeholder": null,
      "Widget": null,
      "IsRequired": false,
      "IsPrincipal": true,
      "ArgumentType": 0,
      "DataSourceItems": null
    },
    {
      "Name": "argument1",
      "DisplayName": "argument1",
      "Category": null,
      "Tooltip": null,
      "Placeholder": null,
      "Widget": null,
      "IsRequired": false,
      "IsPrincipal": true,
      "ArgumentType": 0,
      "DataSourceItems": null
    }
  ]
}