{
  "$schema": "https://cloud.uipath.com/draft/2024-12/operate",
  "contentType": "Process",
  "projectId": "8da007f9-5d8d-4b63-a7d4-03e341c0707f",
  "main": "Main.xaml",
  "dependencies": {
    "UiPath.Credentials.Activities": "[2.1.0]",
    "UiPath.Excel.Activities": "[3.0.1]",
    "UiPath.IntegrationService.Activities": "[1.15.0]",
    "UiPath.MicrosoftOffice365.Activities": "[3.2.10]",
    "UiPath.System.Activities.Runtime": "[25.4.4]",
    "UiPath.Testing.Activities": "[25.4.0]",
    "UiPath.UIAutomation.Activities.Runtime": "[25.10.6]"
  },
  "targetFramework": "Windows",
  "runtimeOptions": {
    "isAttended": false,
    "requiresUserInteraction": true,
    "robotVersion": "25.0.167"
  },
  "designOptions": {
    "fileInfoCollection": []
  }
}